model,roc_auc_mean,roc_auc_std,f1_mean,f1_std,recall_mean,recall_std
logistic_regression,0.8454299225419476,0.012348391095844269,0.6282424432542504,0.02244046789764562,0.7993311036789297,0.03390981098498082
xgboost,0.8431351559623973,0.009943584261444488,0.5799271308857291,0.027379837040396624,0.5183946488294314,0.026334474495022762
lightgbm,0.8325426755044021,0.009314336455262995,0.6221249138615506,0.012535742718708168,0.7110367892976589,0.019224224566153716
random_forest,0.8298482543233767,0.011014765545705352,0.5567142187548391,0.029133358868528123,0.48628762541806025,0.025785063902871417
