risk_level,customer_count,ratio,ratio_pct
低风险,768,0.5450674237047551,54.51
中风险,315,0.22356281050390348,22.36
高风险,326,0.2313697657913414,23.14
